B,S,latency,memory,energy,is_validation,oom
1,32,0.000723120003938675,18763776.0,0.014945086705201798,False,False
2,32,0.0004807679951190949,18874368.0,0.022157540826128534,False,False
4,32,0.0005187680125236511,19095552.0,0.020497925311203546,False,False
7,32,0.0006805280148983002,19427328.0,0.03070884353741485,True,False
8,32,0.0006843679845333099,19537920.0,0.032082079343365565,False,False
16,32,0.0006779199838638306,14843904.0,0.026723577235773253,False,False
32,32,0.0009267999827861786,15958016.0,0.03355000000000035,False,False
33,32,0.0006118399798870086,16027648.0,0.03296454767726179,True,False
64,32,0.000737280011177063,18186240.0,0.051935198821796945,False,False
67,32,0.0007759200036525726,18395136.0,0.06275813953488273,True,False
128,32,0.0021115360260009763,59342848.0,0.1460717299578046,False,False
256,32,0.004004463911056518,103669760.0,0.22365600000000269,False,False
1,48,0.0005416800081729889,14255616.0,0.023556277056276647,True,False
2,48,0.0005365279912948608,14043136.0,0.02556330472102985,True,False
4,48,0.0005611519813537597,14356480.0,0.028285874439461622,True,False
7,48,0.0005500639975070953,14826496.0,0.030903190319031288,True,False
8,48,0.0005339040160179138,14983168.0,0.0251024546424757,True,False
16,48,0.0005204960107803345,16236544.0,0.02864516129032189,True,False
32,48,0.0009023999869823456,18743296.0,0.05165945945945996,True,False
33,48,0.0006553759872913361,18899968.0,0.05350982961992193,True,False
64,48,0.0009982879757881166,23822336.0,0.08309580838323416,True,False
67,48,0.0010801600217819215,24226816.0,0.07449028077753689,True,False
128,48,0.00279095995426178,66117632.0,0.19390555555555694,True,False
256,48,0.005540640115737915,118087680.0,0.3813846153846168,True,False
1,64,0.0007037279903888702,23969792.0,0.039126582278480315,False,False
2,64,0.0006628480255603791,24117248.0,0.031470198675496976,False,False
4,64,0.0005651679933071137,24903680.0,0.03597175141242942,False,False
7,64,0.00050177600979805,17580544.0,0.032416248746239135,True,False
8,64,0.0005096319913864136,17793536.0,0.032035641547861336,False,False
16,64,0.0005305120050907136,19497472.0,0.02964050901378581,False,False
32,64,0.0008277279734611512,22642688.0,0.05824132231404938,False,False
33,64,0.0008355520069599151,23822336.0,0.0578280467445745,True,False
64,64,0.0014120160341262818,32210944.0,0.0969774647887315,False,False
67,64,0.0014892320036888123,32604160.0,0.12620833333333317,True,False
128,64,0.004821072101593018,76210176.0,0.33272115384615447,False,False
256,64,0.009239200115203858,138272768.0,0.6244909090909045,False,False
1,128,0.0005999359786510467,24412160.0,0.04029736211031196,False,False
2,128,0.0005648800134658814,17794048.0,0.03541647855530464,False,False
4,128,0.0005326240062713623,19497984.0,0.035697550585728995,False,False
7,128,0.0008060320019721985,21528576.0,0.05433172302737485,True,False
8,128,0.0008593119978904725,22642688.0,0.07090206185567066,False,False
16,128,0.0014413120150566102,32210944.0,0.09934870317002666,False,False
32,128,0.0028810399770736695,49381376.0,0.20058045977011402,False,False
33,128,0.0029654399156570435,50495488.0,0.20386390532544632,True,False
64,128,0.005411072015762329,119316480.0,0.36992473118278857,False,False
67,128,0.005960639953613281,137699328.0,0.40928571428570476,True,False
128,128,0.015618607997894288,223518720.0,1.0385151515151434,False,False
256,128,0.03105267143249512,431923200.0,2.027058823529414,False,False
1,192,0.0005478399991989135,18007040.0,0.03328039430449093,True,False
2,192,0.0005524320006370545,19923968.0,0.03825607064017644,True,False
4,192,0.0008833760023117066,23822336.0,0.06015873015872958,True,False
7,192,0.0015410879850387572,32079872.0,0.10510153846153676,True,False
8,192,0.001753279983997345,33783808.0,0.11988811188811034,True,False
16,192,0.003308735966682434,53837824.0,0.2257894736842146,True,False
32,192,0.005902656078338623,132997120.0,0.40289411764705996,True,False
33,192,0.006516288042068481,171409408.0,0.4457012987013041,True,False
64,192,0.011649456024169922,249569280.0,0.7949534883720929,True,False
67,192,0.012628975868225097,290930688.0,0.8554750000000013,True,False
128,192,0.03639046478271485,484024320.0,2.4275714285714196,True,False
256,192,0.0743620491027832,953253888.0,5.446300000000065,True,False
1,224,0.0006983680129051209,18699776.0,0.05348463687150848,False,False
2,224,0.000632991999387741,21308928.0,0.043840506329113946,False,False
4,224,0.001067088007926941,27377664.0,0.0879040511727076,False,False
7,224,0.002228224039077759,37613568.0,0.1516222222222253,True,False
8,224,0.0024391520023345943,41025536.0,0.1658829268292698,False,False
16,224,0.004556895971298217,68780032.0,0.3091545454545502,False,False
32,224,0.008523328304290772,174673920.0,0.580203389830508,False,False
33,224,0.00967299222946167,227358720.0,0.6564038461538425,True,False
64,224,0.016430272102355956,334233600.0,1.1020967741935472,False,False
67,224,0.018298176765441897,390531072.0,1.233321428571409,True,False
128,224,0.05029887962341309,653352960.0,3.415799999999945,False,False
256,224,0.10451161575317383,1291943936.0,6.75059999999994,False,False
1,256,0.0010230399966239929,19499008.0,0.0969836400817981,False,False
2,256,0.0009546239972114564,22906880.0,0.12292938931297877,False,False
4,256,0.0013687039613723756,32210944.0,0.10962841530054589,False,False
7,256,0.0024234880208969115,45842432.0,0.19725120772946045,True,False
8,256,0.003158687949180603,49381376.0,0.21384905660377615,False,False
16,256,0.005687887907028198,119316480.0,0.38488636363635204,False,False
32,256,0.010883279800415039,223518720.0,0.740478260869563,False,False
33,256,0.01204422378540039,292331520.0,0.80269047619047,True,False
64,256,0.0218515043258667,431923200.0,1.4797391304348466,False,False
67,256,0.023778143882751464,505454592.0,1.539000000000008,True,False
128,256,0.06539398193359375,848732160.0,4.711000000000058,False,False
256,256,0.13638495635986328,1683062784.0,9.391200000000026,False,False
1,304,0.0006689440011978149,20897280.0,0.045173796791445016,True,False
2,304,0.0012283520102500916,26779648.0,0.08180882352941327,True,False
4,304,0.002484207987785339,38866944.0,0.16565841584158286,True,False
7,304,0.003842767953872681,57719808.0,0.2550610687022936,True,False
8,304,0.004689135789871216,64004096.0,0.3116448598130969,True,False
16,304,0.008470272064208985,152944640.0,0.5565166666666603,True,False
32,304,0.0166527681350708,289787904.0,1.0765483870967612,True,False
33,304,0.018193039894104004,377220096.0,1.4344285714285954,True,False
64,304,0.033088159561157224,564461568.0,2.0930000000000746,True,False
67,304,0.03530835151672363,658547712.0,2.2403999999999846,True,False
128,304,0.09436867141723632,1113808896.0,6.057300000000032,True,False
256,304,0.18794187164306642,2212503552.0,12.882400000000052,True,False
1,352,0.0007598080039024353,22535168.0,0.06006828528072705,True,False
2,352,0.0014730880260467529,30580736.0,0.0994382352941209,True,False
4,352,0.0031491039991378787,47611904.0,0.21210062893081863,True,False
7,352,0.004969808101654052,72708096.0,0.3345643564356362,True,False
8,352,0.005840240001678466,81133568.0,0.3941976744186028,True,False
16,352,0.010506223678588868,190513152.0,0.7052291666666406,True,False
32,352,0.020217840194702148,365912064.0,1.368399999999965,True,False
33,352,0.022257999420166014,473812992.0,1.486217391304387,True,False
64,352,0.04043680000305176,715923456.0,2.622153846153826,True,False
67,352,0.043938798904418944,833138688.0,2.8327500000000327,True,False
128,352,0.1237401466369629,1416732672.0,8.758399999999892,True,False
256,352,0.25706306457519534,2818670592.0,17.502599999999983,True,False
1,384,0.0008548160195350648,23822336.0,0.07002393162393153,False,False
2,384,0.0016889280080795287,33783808.0,0.1129427609427605,False,False
4,384,0.003473471999168396,53837824.0,0.23347916666667365,False,False
7,384,0.006037520170211792,83918848.0,0.4042289156626662,True,False
8,384,0.006885936021804809,94601216.0,0.45761643835617616,False,False
16,384,0.012649184226989747,225687552.0,0.8440250000000106,False,False
32,384,0.02500275230407715,436260864.0,1.6866500000000086,False,False
33,384,0.02727670383453369,568125440.0,1.7688947368420294,True,False
64,384,0.050141296386718756,857407488.0,3.359599999999773,False,False
67,384,0.053613935470581055,999626752.0,3.376499999999942,True,False
128,384,0.1456143569946289,1699700736.0,9.452400000000125,False,False
256,384,0.2982796325683594,3384287232.0,19.599700000000304,False,False
1,512,0.0016167200207710267,32210944.0,0.10995161290322299,False,False
2,512,0.003011103987693787,49381376.0,0.20189221556886436,False,False
4,512,0.005990560054779053,85032960.0,0.4008690476190341,False,False
7,512,0.009800335884094239,138510336.0,0.6510769230769186,True,False
8,512,0.010987152099609375,156336128.0,0.8797826086956775,False,False
16,512,0.020597392082214352,399734784.0,1.3589599999999336,False,False
32,512,0.04187169647216797,784355328.0,2.8300000000002306,False,False
33,512,0.046609727859497074,1027418112.0,3.06845454545427,True,False
64,512,0.08519815826416016,1553596416.0,6.0628999999997175,False,False
67,512,0.09274982452392579,1815533568.0,6.070999999999913,True,False
128,512,0.26148745727539063,3092078592.0,17.56680000000015,False,False
256,512,0.5295957641601563,6169042944.0,35.098300000000016,False,False
1,1024,0.0059155201911926265,85032960.0,0.39597647058827157,False,False
2,1024,0.011799712181091309,156336128.0,0.7816046511627995,False,False
4,1024,0.023231488227844238,298942464.0,1.5379545454545058,False,False
7,1024,0.041012512207031254,512851968.0,2.589384615384356,True,False
8,1024,0.04728960037231446,584155136.0,3.0666363636363796,False,False
16,1024,0.08792375946044922,1492334592.0,6.08189999999995,False,False
32,1024,0.18120771026611326,2969554944.0,11.471399999999994,False,False
33,1024,0.19653366088867188,3880544256.0,13.4854000000003,True,False
64,1024,0.3554488525390625,5923995648.0,23.54330000000009,False,False
67,1024,0.3835457458496094,6911262720.0,25.585499999999957,True,False
128,1024,1.0606888427734376,11833278464.0,72.30369999999967,False,False
256,1024,,,,False,True
